<?xml version="1.0" encoding="UTF-8" ?>
<document>
<!--The data in this file is primarily intended for consumption by Xilinx tools.
The structure and the elements are likely to change over the next few releases.
This means code written to parse this file will need to be revisited each subsequent release.-->
<application name="pa" timeStamp="Fri Nov 18 16:37:49 2016">
<section name="Project Information" visible="false">
<property name="ProjectID" value="c97c12b17dc04b519a4734931f4a1a97" type="ProjectID"/>
<property name="ProjectIteration" value="1" type="ProjectIteration"/>
</section>
<section name="PlanAhead Usage" visible="true">
<item name="Project Data">
<property name="SrcSetCount" value="1" type="SrcSetCount"/>
<property name="ConstraintSetCount" value="1" type="ConstraintSetCount"/>
<property name="DesignMode" value="RTL" type="DesignMode"/>
<property name="SynthesisStrategy" value="Vivado Synthesis Defaults" type="SynthesisStrategy"/>
<property name="ImplStrategy" value="Vivado Implementation Defaults" type="ImplStrategy"/>
</item>
<item name="Java Command Handlers">
<property name="ProjectSettingsCmdHandler" value="3" type="JavaHandler"/>
<property name="RunSynthesis" value="1" type="JavaHandler"/>
<property name="SimulationClose" value="4" type="JavaHandler"/>
<property name="SimulationRestart" value="1" type="JavaHandler"/>
<property name="SimulationRun" value="8" type="JavaHandler"/>
<property name="SimulationRunForTime" value="1" type="JavaHandler"/>
<property name="ViewTaskProjectManager" value="3" type="JavaHandler"/>
</item>
<item name="Gui Resources Info">
<property name="OK, OK" value="1" type="GuiResourceData"/>
<property name="PAResourceCommand.PACommandNames_SIMULATION_LIVE_RESTART, simulation_live_restart" value="1" type="GuiResourceData"/>
<property name="PAResourceCommand.PACommandNames_SIMULATION_LIVE_RUN, simulation_live_run_for_time" value="1" type="GuiResourceData"/>
<property name="PAResourceCommand.PACommandNames_SIMULATION_RUN_BEHAVIORAL, Run Behavioral Simulation" value="3" type="GuiResourceData"/>
<property name="PAResourceEtoH.FileSetPanel_FILE_SET_PANEL_TREE, [root, Design Sources, Syntax Error Files, dm_4byte_wide.vhd], 2, false" value="2" type="GuiResourceData"/>
<property name="PAResourceEtoH.FileSetPanel_FILE_SET_PANEL_TREE, [root, Design Sources, Syntax Error Files, dm_4byte_wide.vhd], 2, false, false, false, false, false, true" value="1" type="GuiResourceData"/>
<property name="PAResourceEtoH.FileSetPanel_FILE_SET_PANEL_TREE, [root, Design Sources, Syntax Error Files, im_4byte_wide.vhd], 2, false" value="1" type="GuiResourceData"/>
<property name="PAResourceEtoH.FileSetPanel_FILE_SET_PANEL_TREE, [root, Design Sources, Syntax Error Files, im_4byte_wide.vhd], 2, false, false, false, false, false, true" value="1" type="GuiResourceData"/>
<property name="PAResourceEtoH.FileSetPanel_FILE_SET_PANEL_TREE, [root, Design Sources, Syntax Error Files], 1" value="1" type="GuiResourceData"/>
<property name="PAResourceEtoH.FileSetPanel_FILE_SET_PANEL_TREE, [root, Design Sources, mips_single_cycle_tb - behavior (mips_single_cycle_tb.vhd" value="6" type="GuiResourceData"/>
<property name="PAResourceEtoH.FlowNavigatorTreePanel_FLOW_NAVIGATOR_TREE, [, Project Manager, Project Settings], 1, false" value="1" type="GuiResourceData"/>
<property name="PAResourceEtoH.FlowNavigatorTreePanel_FLOW_NAVIGATOR_TREE, [, Project Manager], 0, true" value="3" type="GuiResourceData"/>
<property name="PAResourceEtoH.FlowNavigatorTreePanel_FLOW_NAVIGATOR_TREE, [, Simulation, Run Simulation], 11, false" value="4" type="GuiResourceData"/>
<property name="PAResourceItoN.MainMenuMgr_EDIT, Edit" value="4" type="GuiResourceData"/>
<property name="PAResourceItoN.MainMenuMgr_FLOW, Flow" value="4" type="GuiResourceData"/>
<property name="PAResourceOtoP.PAViews_CODE, Code" value="1" type="GuiResourceData"/>
<property name="PAResourceQtoS.SimulationScopesPanel_SIMULATION_SCOPES_TREE_TABLE, ALUCONTROL1 ; ALU_controller(behav" value="2" type="GuiResourceData"/>
<property name="PAResourceQtoS.SimulationScopesPanel_SIMULATION_SCOPES_TREE_TABLE, DM1 ; DM(struct_4byte_wide" value="2" type="GuiResourceData"/>
<property name="PAResourceQtoS.SimulationScopesPanel_SIMULATION_SCOPES_TREE_TABLE, MIPSControl1 ; Main_Control_Unit(struct" value="1" type="GuiResourceData"/>
<property name="PAResourceQtoS.SimulationScopesPanel_SIMULATION_SCOPES_TREE_TABLE, PCREG1 ; PC_register(struct" value="1" type="GuiResourceData"/>
<property name="PAResourceQtoS.SimulationScopesPanel_SIMULATION_SCOPES_TREE_TABLE, uut ; mips_single_cycle(struct" value="1" type="GuiResourceData"/>
<property name="RDIResource.GraphicalView_ZOOM_OUT, Waveform Viewer_zoom_out" value="5" type="GuiResourceData"/>
<property name="RDIResource.HInputHandler_TOGGLE_LINE_COMMENTS, Toggle Line Comments" value="1" type="GuiResourceData"/>
<property name="RDIResource.RDIViews_WAVEFORM_VIEWER, 449, -25" value="1" type="GuiResourceData"/>
<property name="dm_4byte_wide.vhd, 102, 216" value="1" type="GuiResourceData"/>
<property name="dm_4byte_wide.vhd, 111, 524" value="1" type="GuiResourceData"/>
<property name="dm_4byte_wide.vhd, 115, 231" value="1" type="GuiResourceData"/>
<property name="dm_4byte_wide.vhd, 269, 365" value="1" type="GuiResourceData"/>
<property name="dm_4byte_wide.vhd, 273, 365" value="1" type="GuiResourceData"/>
<property name="dm_4byte_wide.vhd, 276, 467" value="1" type="GuiResourceData"/>
<property name="dm_4byte_wide.vhd, 278, 365" value="1" type="GuiResourceData"/>
<property name="dm_4byte_wide.vhd, 279, 469" value="1" type="GuiResourceData"/>
<property name="dm_4byte_wide.vhd, 279, 471" value="1" type="GuiResourceData"/>
<property name="dm_4byte_wide.vhd, 282, 368" value="1" type="GuiResourceData"/>
<property name="im_4byte_wide.vhd, 333, 471" value="1" type="GuiResourceData"/>
<property name="mips_single_cycle_struct.vhd, 0, 263" value="1" type="GuiResourceData"/>
<property name="mips_single_cycle_struct.vhd, 1405, 243" value="1" type="GuiResourceData"/>
<property name="mips_single_cycle_struct.vhd, 170, 396" value="1" type="GuiResourceData"/>
<property name="mips_single_cycle_struct.vhd, 187, 684" value="1" type="GuiResourceData"/>
<property name="mips_single_cycle_struct.vhd, 191, 562" value="1" type="GuiResourceData"/>
<property name="mips_single_cycle_struct.vhd, 192, 562" value="1" type="GuiResourceData"/>
<property name="mips_single_cycle_struct.vhd, 201, 553" value="1" type="GuiResourceData"/>
<property name="mips_single_cycle_struct.vhd, 216, 551" value="1" type="GuiResourceData"/>
<property name="mips_single_cycle_struct.vhd, 225, 547" value="1" type="GuiResourceData"/>
<property name="mips_single_cycle_struct.vhd, 3, 449" value="1" type="GuiResourceData"/>
<property name="mips_single_cycle_struct.vhd, 310, 573" value="1" type="GuiResourceData"/>
<property name="mips_single_cycle_struct.vhd, 316, 430" value="1" type="GuiResourceData"/>
<property name="mips_single_cycle_struct.vhd, 317, 278" value="1" type="GuiResourceData"/>
<property name="mips_single_cycle_struct.vhd, 365, 153, false, false, false, true, false" value="1" type="GuiResourceData"/>
<property name="mips_single_cycle_struct.vhd, 415, 421" value="1" type="GuiResourceData"/>
<property name="mips_single_cycle_struct.vhd, 47, 316" value="1" type="GuiResourceData"/>
<property name="mips_single_cycle_struct.vhd, 512, 467" value="1" type="GuiResourceData"/>
<property name="mips_single_cycle_struct.vhd, 612, 279" value="1" type="GuiResourceData"/>
<property name="mips_single_cycle_struct.vhd, 803, 480" value="1" type="GuiResourceData"/>
<property name="mips_single_cycle_struct.vhd, 98, 287" value="1" type="GuiResourceData"/>
</item>
<item name="Other">
<property name="GuiMode" value="26" type="GuiMode"/>
<property name="BatchMode" value="0" type="BatchMode"/>
<property name="TclMode" value="24" type="TclMode"/>
</item>
</section>
</application>
</document>
