<?xml version="1.0" encoding="UTF-8" ?>
<document>
<!--The data in this file is primarily intended for consumption by Xilinx tools.
The structure and the elements are likely to change over the next few releases.
This means code written to parse this file will need to be revisited each subsequent release.-->
<application name="pa" timeStamp="Thu Sep 15 18:25:19 2016">
<section name="Project Information" visible="false">
<property name="ProjectID" value="1f776cddf5ab43b1b7367c3826c88ee5" type="ProjectID"/>
<property name="ProjectIteration" value="1" type="ProjectIteration"/>
</section>
<section name="PlanAhead Usage" visible="true">
<item name="Project Data">
<property name="SrcSetCount" value="1" type="SrcSetCount"/>
<property name="ConstraintSetCount" value="1" type="ConstraintSetCount"/>
<property name="DesignMode" value="RTL" type="DesignMode"/>
<property name="SynthesisStrategy" value="Vivado Synthesis Defaults" type="SynthesisStrategy"/>
<property name="ImplStrategy" value="Vivado Implementation Defaults" type="ImplStrategy"/>
</item>
<item name="Java Command Handlers">
<property name="ProjectSettingsCmdHandler" value="1" type="JavaHandler"/>
<property name="ShowView" value="1" type="JavaHandler"/>
<property name="SimulationRun" value="7" type="JavaHandler"/>
<property name="ViewTaskRTLAnalysis" value="2" type="JavaHandler"/>
<property name="ZoomIn" value="1" type="JavaHandler"/>
<property name="ZoomOut" value="14" type="JavaHandler"/>
</item>
<item name="Gui Resources Info">
<property name="CANCEL, Cancel" value="1" type="GuiResourceData"/>
<property name="PAResourceAtoD.CmdMsgDialog_MESSAGES, [Synth 8-285] failed synthesizing module 'arbiter_behav_3consumers_tb' [C:/Users/Tim/Google Drive/EECS 645/HW02_Resource_Sharing_Elvart/arbiter_3consumers/behavioral/simulation_sources/arbiter_behav_3consumers_tb.vhd:7], 2" value="1" type="GuiResourceData"/>
<property name="PAResourceAtoD.CmdMsgDialog_OK, OK" value="6" type="GuiResourceData"/>
<property name="PAResourceAtoD.CmdMsgDialog_OPEN_MESSAGES_VIEW, Open Messages View" value="1" type="GuiResourceData"/>
<property name="PAResourceCommand.PACommandNames_SIMULATION_RUN_BEHAVIORAL, Run Behavioral Simulation" value="7" type="GuiResourceData"/>
<property name="PAResourceCommand.PACommandNames_ZOOM_IN, Schematic_zoom_in" value="1" type="GuiResourceData"/>
<property name="PAResourceCommand.PACommandNames_ZOOM_OUT, Schematic_zoom_out" value="7" type="GuiResourceData"/>
<property name="PAResourceEtoH.FileSetPanel_FILE_SET_PANEL_TREE, [root, Design Sources, Waveform Configuration File, arbiter_behav_3consumers_tb_behav.wcfg], 4, false" value="2" type="GuiResourceData"/>
<property name="PAResourceEtoH.FileSetPanel_FILE_SET_PANEL_TREE, [root, Design Sources, Waveform Configuration File, arbiter_behav_3consumers_tb_behav.wcfg], 4, false, false, false, false, false, true" value="1" type="GuiResourceData"/>
<property name="PAResourceEtoH.FileSetPanel_FILE_SET_PANEL_TREE, [root, Design Sources, Waveform Configuration File], 3" value="2" type="GuiResourceData"/>
<property name="PAResourceEtoH.FileSetPanel_FILE_SET_PANEL_TREE, [root, Design Sources, Waveform Configuration File], 3, true" value="2" type="GuiResourceData"/>
<property name="PAResourceEtoH.FileSetPanel_FILE_SET_PANEL_TREE, [root, Design Sources, Waveform Configuration File], 3, true, false, false, false, false, true" value="1" type="GuiResourceData"/>
<property name="PAResourceEtoH.FileSetPanel_FILE_SET_PANEL_TREE, [root, Design Sources, arbiter_behav_3consumers_tb - behavior (arbiter_behav_3consumers_tb.vhd" value="14" type="GuiResourceData"/>
<property name="PAResourceEtoH.FlowNavigatorTreePanel_FLOW_NAVIGATOR_TREE, [, RTL Analysis, Elaborated Design], 14, true" value="1" type="GuiResourceData"/>
<property name="PAResourceEtoH.FlowNavigatorTreePanel_FLOW_NAVIGATOR_TREE, [, RTL Analysis, Elaborated Design], 14, true, false, false, false, false, true" value="1" type="GuiResourceData"/>
<property name="PAResourceEtoH.FlowNavigatorTreePanel_FLOW_NAVIGATOR_TREE, [, RTL Analysis, Open Elaborated Design], 14, true" value="2" type="GuiResourceData"/>
<property name="PAResourceEtoH.FlowNavigatorTreePanel_FLOW_NAVIGATOR_TREE, [, Simulation, Run Simulation], 11, false" value="7" type="GuiResourceData"/>
<property name="PAResourceEtoH.FlowNavigatorTreePanel_FLOW_NAVIGATOR_TREE, [, Simulation, Run Simulation], 11, false, false, false, false, false, true" value="4" type="GuiResourceData"/>
<property name="PAResourceEtoH.FlowNavigatorTreePanel_FLOW_NAVIGATOR_TREE, [, Simulation, Simulation Settings], 10, false" value="1" type="GuiResourceData"/>
<property name="PAResourceItoN.MsgTreePanel_MESSAGE_VIEW_TREE, [, Vivado Commands, launch_simulation. , [USF-XSim 62] 'elaborate' step failed with error(s" value="3" type="GuiResourceData"/>
<property name="PAResourceItoN.MsgTreePanel_MESSAGE_VIEW_TREE, [, Vivado Commands, launch_simulation. , [Vivado 12-4473] Detected error while running simulation. Please correct the issue and retry this operation.. ], 3, false" value="1" type="GuiResourceData"/>
<property name="PAResourceItoN.MsgTreePanel_MESSAGE_VIEW_TREE, [, rtl_1, launch_simulation. ], 5" value="1" type="GuiResourceData"/>
<property name="PAResourceItoN.MsgTreePanel_MESSAGE_VIEW_TREE, [, rtl_1], 4" value="1" type="GuiResourceData"/>
<property name="PAResourceOtoP.OpenFileAction_CANCEL, Cancel" value="1" type="GuiResourceData"/>
<property name="PAResourceOtoP.PAViews_CODE, Code" value="2" type="GuiResourceData"/>
<property name="PAResourceOtoP.ProjectTab_RELOAD, Reload" value="2" type="GuiResourceData"/>
<property name="RDIResource.BaseDialog_OK, OK" value="2" type="GuiResourceData"/>
<property name="RDIResource.GraphicalView_ZOOM_IN, Waveform Viewer_zoom_in" value="2" type="GuiResourceData"/>
<property name="RDIResource.GraphicalView_ZOOM_OUT, Waveform Viewer_zoom_out" value="10" type="GuiResourceData"/>
<property name="RDIResource.RDIViews_WAVEFORM_VIEWER, 1092, -151" value="1" type="GuiResourceData"/>
<property name="RDIResource.RDIViews_WAVEFORM_VIEWER, 1377, -94" value="1" type="GuiResourceData"/>
<property name="RDIResource.RDIViews_WAVEFORM_VIEWER, 1408, -123" value="1" type="GuiResourceData"/>
<property name="RDIResource.RDIViews_WAVEFORM_VIEWER, 284, -144" value="1" type="GuiResourceData"/>
<property name="RDIResource.RDIViews_WAVEFORM_VIEWER, 485, -157" value="1" type="GuiResourceData"/>
<property name="RDIResource.RDIViews_WAVEFORM_VIEWER, 491, -157" value="1" type="GuiResourceData"/>
<property name="RDIResource.RDIViews_WAVEFORM_VIEWER, 72, -93" value="1" type="GuiResourceData"/>
<property name="RDIResourceCommand.RDICommands_COPY, Copy" value="3" type="GuiResourceData"/>
<property name="RDIResourceCommand.RDICommands_PASTE, Paste" value="1" type="GuiResourceData"/>
<property name="arbiter_behav_3consumers.vhd, 1028, 378" value="1" type="GuiResourceData"/>
<property name="arbiter_behav_3consumers.vhd, 103, 501" value="1" type="GuiResourceData"/>
<property name="arbiter_behav_3consumers.vhd, 109, 126" value="1" type="GuiResourceData"/>
<property name="arbiter_behav_3consumers.vhd, 109, 237" value="1" type="GuiResourceData"/>
<property name="arbiter_behav_3consumers.vhd, 109, 488" value="1" type="GuiResourceData"/>
<property name="arbiter_behav_3consumers.vhd, 110, 382" value="1" type="GuiResourceData"/>
<property name="arbiter_behav_3consumers.vhd, 110, 432" value="1" type="GuiResourceData"/>
<property name="arbiter_behav_3consumers.vhd, 110, 570" value="1" type="GuiResourceData"/>
<property name="arbiter_behav_3consumers.vhd, 112, 660" value="1" type="GuiResourceData"/>
<property name="arbiter_behav_3consumers.vhd, 114, 819" value="1" type="GuiResourceData"/>
<property name="arbiter_behav_3consumers.vhd, 115, 447" value="1" type="GuiResourceData"/>
<property name="arbiter_behav_3consumers.vhd, 116, 454" value="1" type="GuiResourceData"/>
<property name="arbiter_behav_3consumers.vhd, 117, 490" value="1" type="GuiResourceData"/>
<property name="arbiter_behav_3consumers.vhd, 117, 535" value="1" type="GuiResourceData"/>
<property name="arbiter_behav_3consumers.vhd, 119, 703" value="1" type="GuiResourceData"/>
<property name="arbiter_behav_3consumers.vhd, 121, 75" value="1" type="GuiResourceData"/>
<property name="arbiter_behav_3consumers.vhd, 122, 183" value="1" type="GuiResourceData"/>
<property name="arbiter_behav_3consumers.vhd, 123, 169" value="1" type="GuiResourceData"/>
<property name="arbiter_behav_3consumers.vhd, 123, 406" value="1" type="GuiResourceData"/>
<property name="arbiter_behav_3consumers.vhd, 123, 76" value="1" type="GuiResourceData"/>
<property name="arbiter_behav_3consumers.vhd, 125, 327" value="1" type="GuiResourceData"/>
<property name="arbiter_behav_3consumers.vhd, 125, 591" value="1" type="GuiResourceData"/>
<property name="arbiter_behav_3consumers.vhd, 127, 217" value="1" type="GuiResourceData"/>
<property name="arbiter_behav_3consumers.vhd, 129, 241" value="1" type="GuiResourceData"/>
<property name="arbiter_behav_3consumers.vhd, 132, 230" value="1" type="GuiResourceData"/>
<property name="arbiter_behav_3consumers.vhd, 132, 487" value="1" type="GuiResourceData"/>
<property name="arbiter_behav_3consumers.vhd, 141, 438" value="1" type="GuiResourceData"/>
<property name="arbiter_behav_3consumers.vhd, 149, 245" value="1" type="GuiResourceData"/>
<property name="arbiter_behav_3consumers.vhd, 149, 710" value="1" type="GuiResourceData"/>
<property name="arbiter_behav_3consumers.vhd, 150, 512" value="1" type="GuiResourceData"/>
<property name="arbiter_behav_3consumers.vhd, 152, 250" value="1" type="GuiResourceData"/>
<property name="arbiter_behav_3consumers.vhd, 154, 553" value="1" type="GuiResourceData"/>
<property name="arbiter_behav_3consumers.vhd, 155, 232" value="1" type="GuiResourceData"/>
<property name="arbiter_behav_3consumers.vhd, 155, 237" value="1" type="GuiResourceData"/>
<property name="arbiter_behav_3consumers.vhd, 157, 497" value="1" type="GuiResourceData"/>
<property name="arbiter_behav_3consumers.vhd, 159, 799" value="1" type="GuiResourceData"/>
<property name="arbiter_behav_3consumers.vhd, 162, 673" value="1" type="GuiResourceData"/>
<property name="arbiter_behav_3consumers.vhd, 163, 281" value="1" type="GuiResourceData"/>
<property name="arbiter_behav_3consumers.vhd, 164, 335" value="1" type="GuiResourceData"/>
<property name="arbiter_behav_3consumers.vhd, 170, 372" value="1" type="GuiResourceData"/>
<property name="arbiter_behav_3consumers.vhd, 173, 626" value="1" type="GuiResourceData"/>
<property name="arbiter_behav_3consumers.vhd, 175, 85, false, false, false, true, false" value="1" type="GuiResourceData"/>
<property name="arbiter_behav_3consumers.vhd, 176, 502" value="2" type="GuiResourceData"/>
<property name="arbiter_behav_3consumers.vhd, 179, 431" value="1" type="GuiResourceData"/>
<property name="arbiter_behav_3consumers.vhd, 181, 502" value="1" type="GuiResourceData"/>
<property name="arbiter_behav_3consumers.vhd, 192, 309" value="1" type="GuiResourceData"/>
<property name="arbiter_behav_3consumers.vhd, 196, 656" value="1" type="GuiResourceData"/>
<property name="arbiter_behav_3consumers.vhd, 202, 490" value="1" type="GuiResourceData"/>
<property name="arbiter_behav_3consumers.vhd, 206, 485" value="1" type="GuiResourceData"/>
<property name="arbiter_behav_3consumers.vhd, 212, 296" value="1" type="GuiResourceData"/>
<property name="arbiter_behav_3consumers.vhd, 214, 521" value="1" type="GuiResourceData"/>
<property name="arbiter_behav_3consumers.vhd, 225, 619" value="1" type="GuiResourceData"/>
<property name="arbiter_behav_3consumers.vhd, 230, 495" value="1" type="GuiResourceData"/>
<property name="arbiter_behav_3consumers.vhd, 232, 280" value="1" type="GuiResourceData"/>
<property name="arbiter_behav_3consumers.vhd, 237, 536" value="1" type="GuiResourceData"/>
<property name="arbiter_behav_3consumers.vhd, 239, 580" value="1" type="GuiResourceData"/>
<property name="arbiter_behav_3consumers.vhd, 241, 572" value="1" type="GuiResourceData"/>
<property name="arbiter_behav_3consumers.vhd, 242, 535" value="1" type="GuiResourceData"/>
<property name="arbiter_behav_3consumers.vhd, 247, 566" value="1" type="GuiResourceData"/>
<property name="arbiter_behav_3consumers.vhd, 249, 540" value="1" type="GuiResourceData"/>
<property name="arbiter_behav_3consumers.vhd, 251, 451" value="1" type="GuiResourceData"/>
<property name="arbiter_behav_3consumers.vhd, 253, 602" value="1" type="GuiResourceData"/>
<property name="arbiter_behav_3consumers.vhd, 255, 569" value="1" type="GuiResourceData"/>
<property name="arbiter_behav_3consumers.vhd, 255, 570" value="1" type="GuiResourceData"/>
<property name="arbiter_behav_3consumers.vhd, 28, 294" value="1" type="GuiResourceData"/>
<property name="arbiter_behav_3consumers.vhd, 283, 476" value="1" type="GuiResourceData"/>
<property name="arbiter_behav_3consumers.vhd, 297, 345" value="1" type="GuiResourceData"/>
<property name="arbiter_behav_3consumers.vhd, 298, 611" value="1" type="GuiResourceData"/>
<property name="arbiter_behav_3consumers.vhd, 331, 480" value="1" type="GuiResourceData"/>
<property name="arbiter_behav_3consumers.vhd, 364, 453" value="1" type="GuiResourceData"/>
<property name="arbiter_behav_3consumers.vhd, 367, 56" value="1" type="GuiResourceData"/>
<property name="arbiter_behav_3consumers.vhd, 372, 386" value="1" type="GuiResourceData"/>
<property name="arbiter_behav_3consumers.vhd, 402, 212" value="1" type="GuiResourceData"/>
<property name="arbiter_behav_3consumers.vhd, 419, 23" value="1" type="GuiResourceData"/>
<property name="arbiter_behav_3consumers.vhd, 436, 377" value="1" type="GuiResourceData"/>
<property name="arbiter_behav_3consumers.vhd, 44, 635" value="1" type="GuiResourceData"/>
<property name="arbiter_behav_3consumers.vhd, 447, 442" value="1" type="GuiResourceData"/>
<property name="arbiter_behav_3consumers.vhd, 45, 234" value="1" type="GuiResourceData"/>
<property name="arbiter_behav_3consumers.vhd, 450, 324" value="1" type="GuiResourceData"/>
<property name="arbiter_behav_3consumers.vhd, 51, 352" value="1" type="GuiResourceData"/>
<property name="arbiter_behav_3consumers.vhd, 512, 392" value="1" type="GuiResourceData"/>
<property name="arbiter_behav_3consumers.vhd, 522, 214" value="1" type="GuiResourceData"/>
<property name="arbiter_behav_3consumers.vhd, 558, 362" value="1" type="GuiResourceData"/>
<property name="arbiter_behav_3consumers.vhd, 56, 223" value="1" type="GuiResourceData"/>
<property name="arbiter_behav_3consumers.vhd, 59, 302" value="1" type="GuiResourceData"/>
<property name="arbiter_behav_3consumers.vhd, 59, 554" value="1" type="GuiResourceData"/>
<property name="arbiter_behav_3consumers.vhd, 61, 206" value="1" type="GuiResourceData"/>
<property name="arbiter_behav_3consumers.vhd, 62, 230" value="1" type="GuiResourceData"/>
<property name="arbiter_behav_3consumers.vhd, 62, 537" value="1" type="GuiResourceData"/>
<property name="arbiter_behav_3consumers.vhd, 62, 628" value="1" type="GuiResourceData"/>
<property name="arbiter_behav_3consumers.vhd, 63, 61, false, false, false, true, false" value="1" type="GuiResourceData"/>
<property name="arbiter_behav_3consumers.vhd, 68, 548" value="1" type="GuiResourceData"/>
<property name="arbiter_behav_3consumers.vhd, 70, 520" value="1" type="GuiResourceData"/>
<property name="arbiter_behav_3consumers.vhd, 75, 251, false, false, false, true, false" value="1" type="GuiResourceData"/>
<property name="arbiter_behav_3consumers.vhd, 75, 799" value="1" type="GuiResourceData"/>
<property name="arbiter_behav_3consumers.vhd, 762, 251" value="1" type="GuiResourceData"/>
<property name="arbiter_behav_3consumers.vhd, 78, 269" value="1" type="GuiResourceData"/>
<property name="arbiter_behav_3consumers.vhd, 78, 518" value="1" type="GuiResourceData"/>
<property name="arbiter_behav_3consumers.vhd, 80, 189" value="1" type="GuiResourceData"/>
<property name="arbiter_behav_3consumers.vhd, 80, 632" value="1" type="GuiResourceData"/>
<property name="arbiter_behav_3consumers.vhd, 83, 153" value="1" type="GuiResourceData"/>
<property name="arbiter_behav_3consumers.vhd, 84, 420" value="1" type="GuiResourceData"/>
<property name="arbiter_behav_3consumers.vhd, 85, 160" value="1" type="GuiResourceData"/>
<property name="arbiter_behav_3consumers.vhd, 88, 149" value="1" type="GuiResourceData"/>
<property name="arbiter_behav_3consumers.vhd, 90, 501" value="1" type="GuiResourceData"/>
<property name="arbiter_behav_3consumers.vhd, 91, 519" value="1" type="GuiResourceData"/>
<property name="arbiter_behav_3consumers.vhd, 91, 519, false, false, false, true, false" value="1" type="GuiResourceData"/>
<property name="arbiter_behav_3consumers.vhd, 91, 70" value="1" type="GuiResourceData"/>
<property name="arbiter_behav_3consumers.vhd, 97, 567" value="1" type="GuiResourceData"/>
<property name="arbiter_behav_3consumers.vhd, 982, 233" value="1" type="GuiResourceData"/>
<property name="arbiter_behav_3consumers.vhd, 99, 434" value="1" type="GuiResourceData"/>
<property name="arbiter_behav_3consumers.vhd, 99, 741" value="1" type="GuiResourceData"/>
</item>
<item name="Other">
<property name="GuiMode" value="7" type="GuiMode"/>
<property name="BatchMode" value="0" type="BatchMode"/>
<property name="TclMode" value="6" type="TclMode"/>
</item>
</section>
</application>
</document>
