<?xml version="1.0" encoding="UTF-8" ?>
<document>
<!--The data in this file is primarily intended for consumption by Xilinx tools.
The structure and the elements are likely to change over the next few releases.
This means code written to parse this file will need to be revisited each subsequent release.-->
<application name="pa" timeStamp="Fri Sep 30 16:26:20 2016">
<section name="Project Information" visible="false">
<property name="ProjectID" value="da8c953de5b145e09246bc0c8eec6fd0" type="ProjectID"/>
<property name="ProjectIteration" value="1" type="ProjectIteration"/>
</section>
<section name="PlanAhead Usage" visible="true">
<item name="Project Data">
<property name="SrcSetCount" value="1" type="SrcSetCount"/>
<property name="ConstraintSetCount" value="1" type="ConstraintSetCount"/>
<property name="DesignMode" value="RTL" type="DesignMode"/>
<property name="SynthesisStrategy" value="Vivado Synthesis Defaults" type="SynthesisStrategy"/>
<property name="ImplStrategy" value="Vivado Implementation Defaults" type="ImplStrategy"/>
</item>
<item name="Java Command Handlers">
<property name="AddSources" value="2" type="JavaHandler"/>
<property name="NewProject" value="1" type="JavaHandler"/>
<property name="ProjectSettingsCmdHandler" value="1" type="JavaHandler"/>
<property name="SimulationRun" value="1" type="JavaHandler"/>
</item>
<item name="Gui Resources Info">
<property name="FINISH, Finish" value="3" type="GuiResourceData"/>
<property name="NEXT, Next " value="9" type="GuiResourceData"/>
<property name="OK, OK" value="1" type="GuiResourceData"/>
<property name="PAResourceAtoD.AddSrcWizard_SPECIFY_SIMULATION_SPECIFIC_HDL_FILES, Add or create simulation sources" value="1" type="GuiResourceData"/>
<property name="PAResourceCommand.PACommandNames_SIMULATION_RUN_BEHAVIORAL, Run Behavioral Simulation" value="1" type="GuiResourceData"/>
<property name="PAResourceEtoH.FileSetPanel_FILE_SET_PANEL_TREE, [root, Design Sources, DataMem - struct (DM_struct.vhd" value="2" type="GuiResourceData"/>
<property name="PAResourceEtoH.FlowNavigatorTreePanel_FLOW_NAVIGATOR_TREE, [, Project Manager, Add Sources], 2, false" value="2" type="GuiResourceData"/>
<property name="PAResourceEtoH.FlowNavigatorTreePanel_FLOW_NAVIGATOR_TREE, [, Simulation, Run Simulation], 11, false" value="1" type="GuiResourceData"/>
<property name="PAResourceEtoH.FlowNavigatorTreePanel_FLOW_NAVIGATOR_TREE, [, Simulation, Simulation Settings], 10, false" value="1" type="GuiResourceData"/>
<property name="PAResourceEtoH.GettingStartedView_CREATE_NEW_PROJECT, Create New Project" value="1" type="GuiResourceData"/>
<property name="PAResourceOtoP.PAViews_CODE, Code" value="1" type="GuiResourceData"/>
<property name="PAResourceOtoP.ProjectNameChooser_CHOOSE_PROJECT_LOCATION, (String" value="1" type="GuiResourceData"/>
<property name="PAResourceOtoP.ProjectNameChooser_PROJECT_NAME, vivado_project" value="1" type="GuiResourceData"/>
<property name="PAResourceOtoP.ProjectSettingsSimulationPanel_TABBED_PANE, PAResourceOtoP.ProjectSettingsSimulationPanel_SIMULATION, Simulation, 2" value="1" type="GuiResourceData"/>
<property name="PAResourceQtoS.SrcChooserPanel_ADD_DIRECTORIES, Add Directories" value="2" type="GuiResourceData"/>
<property name="PAResourceTtoZ.TaskBanner_CLOSE, (String" value="1" type="GuiResourceData"/>
<property name="RDIResource.BaseDialog_OK, OK" value="1" type="GuiResourceData"/>
<property name="RDIResource.GraphicalView_ZOOM_FIT, Waveform Viewer_zoom_fit" value="1" type="GuiResourceData"/>
<property name="RDIResource.WaveformNameTree_WAVEFORM_NAME_TREE, [true, data_mem[0:255][31:0]], 11" value="1" type="GuiResourceData"/>
</item>
<item name="Other">
<property name="GuiMode" value="62" type="GuiMode"/>
<property name="BatchMode" value="0" type="BatchMode"/>
<property name="TclMode" value="58" type="TclMode"/>
</item>
</section>
</application>
</document>
